,company_name,average_salary,total_sale
0,삼성전자,"12,848만원",199.7조원
1,LG전자,"11,371만원",27.8조원
2,엘지디스플레이,"9,427만원",28.4조원
3,현대자동차,"10,523만원",55.6조원
4,엘지이노텍,"7,652만원",14.6조원
5,CJ제일제당,회사없음1,회사없음1
6,한국전력공사,"7,879만원",59.7조원
7,LG화학,"11,855만원",22.3조원
8,에스케이하이닉스,"12,710만원",41.6조원
9,에이치디현대중공업,회사없음,회사없음
10,삼성중공업,회사없음,회사없음
11,아모레퍼시픽,"6,999만원",3.5조원
12,앰코테크놀로지코리아,"5,155만원",3.1조원
13,삼성에스디아이,"10,747만원",11.6조원
14,포스코홀딩스,회사없음,회사없음
15,배스킨라빈스 ,"4,229만원",7507.2억원
16,케이씨씨,"3,752만원",10.3억원
17,이랜드월드,"1,981만원",1.2조원
18,한화오션,회사없음,회사없음
19,삼성전기,"4,960만원",7.2조원
20,현대모비스,"10,520만원",27.3조원
21,현대제철,"10,707만원",20조원
22,두산에너빌리티,"6,132만원",3.6조원
23,엘지생활건강,"8,203만원",5조원
24,기아,"6,132만원",41조원
25,한국수력원자력,"8,587만원",9.3조원
26,스태츠칩팩코리아,"5,267만원",8572.9억원
27,바디프랜드,"3,994만원",5548.8억원
28,와이지-원,"4,169만원",3308.7억원
29,유라코퍼레이션,"4,847만원",20.2억원
30,삼성디스플레이,수집 중..,28.8조원
31,동원에프앤비,"4,266만원",1.8조원
32,LF,"6,267만원",1.1조원
33,코리아써키트,"4,809만원",6470.7억원
34,삼성엔지니어링,"10,966만원",5.1조원
35,한국콜마,"5,886만원",6328.2억원
36,세아상역,"6,032만원",2조원
37,해태제과식품,"5,097만원",5360.1억원
38,오뚜기,"4,850만원",2.4조원
39,캐논코리아,"5,315만원",6125억원
40,한솔섬유,"1,540만원",24.1억원
41,에이치디현대인프라코어,회사없음,회사없음
42,에스엘,"2,129만원",8.8억원
43,한국수자원공사,"7,402만원",4조원
44,한국후지필름비즈니스이노베이션,"5,441만원",2434억원
45,코스맥스,"6,255만원",8531.5억원
46,르노코리아자동차,"6,082만원",3.9조원
47,샘표식품,"4,635만원",3411.4억원
48,대상,"3,905만원",272.2억원
49,롯데웰푸드,회사없음,회사없음
50,한세실업,"7,677만원",1.6조원
51,일진글로벌홀딩스,"5,932만원",81.3억원
52,효성,"5,852만원",34.9억원
53,금호타이어,"6,951만원",2.1조원
54,유니셈,"4,473만원",2900.7억원
55,에스케이실트론,"10,339만원",1.8조원
56,에이블씨엔씨,"5,598만원",1994.5억원
57,크린팩토메이션,"5,646만원",3185.6억원
58,파리크라상,"4,980만원",1.9조원
59,한국항공우주산업,회사없음1,회사없음1
60,한국에스지에스,"5,815만원",1785.4억원
61,엘엑스하우시스,"6,082만원",3조원
62,미미박스,"4,379만원",325억원
63,모베이스전자,"5,703만원",6010.9억원
64,롯데칠성음료,"6,368만원",2.3조원
65,한화,회사없음,회사없음
66,오비맥주,"6,082만원",1.3조원
67,현대트랜시스,"9,756만원",6.5조원
68,한국단자공업,"6,734만원",9076.6억원
69,동진쎄미켐,"6,812만원",7937.3억원
70,네패스,"4,389만원",3454.6억원
71,만도,"9,594만원",2.9조원
72,동우화인켐,"6,032만원",2.5조원
73,테크윙,"5,634만원",2225.2억원
74,남양유업,회사없음,회사없음
75,도쿄일렉트론코리아,"6,082만원",1.2조원
76,한국지엠,"6,132만원",7조원
77,영풍전자,"4,571만원",6667.6억원
78,대덕전자,"14,562만원",1.1조원
79,코오롱인더스트리,"7,347만원",3.4조원
80,매일유업,"6,964만원",1.5조원
81,삼양식품,"4,307만원",6308.7억원
82,네이처리퍼블릭,"5,149만원",1255.2억원
83,농심,회사없음,회사없음
84,한섬,회사없음,회사없음
85,청호나이스,"3,854만원",4210.3억원
86,씨에스케이,회사없음,회사없음
87,경동나비엔,"6,566만원",7742.9억원
88,엠씨넥스,"5,274만원",8176.3억원
89,롯데케미칼,"9,420만원",13.7조원
90,신성통상,"2,238만원",16.1억원
91,카페베네,"4,645만원",181.1억원
92,엘앤에프,"4,951만원",44.5억원
93,원익아이피에스,"7,565만원",1.2조원
94,케이씨텍,회사없음,회사없음
95,타이코에이엠피,"5,298만원",6499.1억원
96,신도리코,"7,127만원",3086.3억원
97,현대로템,"9,467만원",2.8조원
98,성우하이텍,"3,557만원",8.2억원
99,한미반도체,"6,219만원",3717.4억원
100,세메스,"10,670만원",3.1조원
101,한국인터텍테스팅서비스,"4,440만원",389.6억원
102,쿠쿠전자,"4,914만원",6411.7억원
103,온세미컨덕터코리아,"5,398만원",6350.7억원
104,엘에스엠트론,"6,619만원",9252.5억원
105,팬택,"5,048만원",74.7억원
106,한국가스안전공사,"6,925만원",2104.9억원
107,휴맥스,회사없음,회사없음
108,에이에스이코리아,"5,310만원",6516.5억원
109,가온그룹,회사없음,회사없음
110,이엠텍,"4,989만원",8.8억원
111,한전산업개발,"5,718만원",3055.8억원
112,빙그레,"6,032만원",9840억원
113,메디앙스,"4,534만원",674.3억원
114,한국타이어,"7,331만원",32.7억원
115,영림임업,"3,741만원",930.9억원
116,위니아전자,"6,032만원",3940억원
117,오씨아이홀딩스,회사없음,회사없음
118,무학,"3,839만원",1218.8억원
119,에스케이케미칼,"8,176만원",1.1조원
120,아트박스,회사없음,회사없음
121,어플라이드머티어리얼즈코리아,"6,082만원",6871.7억원
122,한국가스공사,"9,028만원",26.2조원
123,지지무역,"4,884만원",1779.8억원
124,오토닉스,회사없음,회사없음
125,케이엠더블유,"5,851만원",1479.6억원
126,이오테크닉스,"6,867만원",3564.2억원
127,태평양물산,"5,176만원",6113.3억원
128,이엔에프테크놀로지,"5,317만원",4584억원
129,현대엘리베이터,"8,370만원",1.5조원
130,인터플렉스,"5,204만원",3103.5억원
131,HRS코리아,회사없음,회사없음
132,크라운제과,"4,631만원",3812.1억원
133,아모텍,"4,739만원",1732.9억원
134,현대리바트,"6,014만원",1.4조원
135,현대위아,"8,606만원",6.4조원
136,락앤락,"5,688만원",2435.4억원
137,넥센타이어,"7,742만원",1.4조원
138,서울반도체,"6,119만원",1.1조원
139,한국전력기술,"8,899만원",4331.3억원
140,에드워드코리아,"5,826만원",6748.4억원
141,디비하이텍,"9,556만원",8074.2억원
142,에치와이,"5,704만원",1.1조원
143,코웰패션,"4,458만원",2752.9억원
144,애경산업,"5,717만원",5684.6억원
145,제이에스티나,"3,928만원",672.4억원
146,에이에스엠엘코리아,"6,082만원",2600.6억원
147,토니모리,"4,733만원",895.6억원
148,코티티시험연구원,회사없음,회사없음
149,한국건설생활환경시험연구원,"4,495만원",1525.8억원
150,세코닉스,"4,972만원",3933.2억원
151,더블유스코프코리아,"3,529만원",1247.1억원
152,슈피겐코리아,"6,122만원",3853억원
153,신원,"1,689만원",17.8억원
154,국도화학,"7,350만원",1.5조원
155,파트론,"5,676만원",1.2조원
156,서진산업,"3,572만원",40.5억원
157,자화전자,"3,425만원",2943억원
158,퍼시스,"5,482만원",3265.1억원
159,하이에어코리아,"5,046만원",2544.7억원
160,세정,회사없음,회사없음
161,하림,회사없음,회사없음
162,주성엔지니어링,회사없음,회사없음
163,글로벌스탠다드테크놀로지,"5,281만원",2897.5억원
164,엘아이지넥스원,"8,942만원",1.8조원
165,롯데푸드,"5,519만원",1.6조원
166,에이피알,"4,377만원",8.9억원
167,시그네틱스,"5,118만원",2698.5억원
168,인지컨트롤스,"5,158만원",3316.2억원
169,하나마이크론,"5,691만원",2986.9억원
170,한화에어로스페이스,"10,212만원",1.2조원
171,세방전지,"8,401만원",1.2조원
172,바텍,"5,074만원",8.8억원
173,엘에스오토모티브,회사없음,회사없음
174,SPC삼립,"4,906만원",1.4조원
175,귀뚜라미,"1,969만원",16.3억원
176,한국니토옵티칼,"5,941만원",8353.2억원
177,한국로버트보쉬,회사없음,회사없음
178,비에이치,"4,482만원",4430.8억원
179,인바디,"4,800만원",1378.4억원
180,티에스이,회사없음,회사없음
181,케이조선,"6,032만원",2132.5억원
182,티에스케이워터,"5,852만원",3.4억원
183,한국유미코아,회사없음,회사없음
184,서양네트웍스,"4,445만원",2159.3억원
185,에이비비코리아,"6,032만원",3157억원
186,탑엔지니어링,"4,935만원",1726억원
187,디에이피,"3,856만원",3079억원
188,더블유씨피,"4,896만원",1855억원
189,에이치비테크놀러지,"4,820만원",1444.2억원
190,한온시스템,"9,477만원",2.9조원
191,삼영전자공업,"4,855만원",2043.8억원
192,오티스엘리베이터,"6,082만원",7846.7억원
193,태광산업,"2,687만원",41.3억원
194,에스케이이노베이션,"14,642만원",4조원
195,하이트진로,"11,127만원",2조원
196,약진통상,"5,580만원",7341.6억원
197,신성이엔지,"4,348만원",12.5억원
198,솔브레인홀딩스,"7,692만원",189억원
199,에코캡,"4,697만원",738.1억원
200,콘티넨탈오토모티브일렉트로닉스,"6,032만원",7988.8억원
201,풍인무역,"5,075만원",2747.5억원
202,핸즈코퍼레이션,"5,899만원",4358.2억원
203,코스맥스엔비티,"4,261만원",2129.3억원
204,면사랑,"4,463만원",1173.7억원
205,세라젬,"4,921만원",5339.7억원
206,한국남부발전,"8,665만원",5.7조원
207,디섹,"5,765만원",1546.8억원
208,포스코디엑스,회사없음,회사없음
209,바바패션,"5,051만원",2303.7억원
210,코스메카코리아,"4,937만원",2173.6억원
211,푸르밀,"5,044만원",1799.9억원
212,오리온홀딩스,"42,250만원",회사없음
213,케이티앤지,"8,764만원",3.5조원
214,프레시지,"4,344만원",1889.2억원
215,삼화콘덴서공업,"5,297만원",2113.4억원
216,창신아이엔씨,"5,955만원",1.5조원
217,삼양사,"4,721만원",117.6억원
218,코아스,회사없음,회사없음
219,에스티엑스중공업,"5,093만원",1334.9억원
220,금강,"4,360만원",1065억원
221,삼화페인트공업,"6,664만원",5445.3억원
222,다원시스,"4,842만원",2936억원
223,한국남동발전,"8,268만원",5.2조원
224,에프앤에프,"5,899만원",8851.2억원
225,한화시스템,"8,842만원",2.1조원
226,고영테크놀러지,"8,040만원",2301.4억원
227,우진플라임,"5,118만원",2324.6억원
228,코맥스,"4,491만원",7.1억원
229,클리오,"5,024만원",2267.9억원
230,한국미우라공업,"5,160만원",877.9억원
231,도레이첨단소재,"6,032만원",2조원
232,아이씨디,회사없음,회사없음
233,제우스,"5,755만원",2006.6억원
234,에스에프에이,"8,395만원",7838.3억원
235,풍산,"8,309만원",2.6조원
236,동국홀딩스,회사없음,회사없음
237,원익큐엔씨,"6,451만원",3131.5억원
238,엠이엠씨코리아,"6,032만원",2673.9억원
239,삼성메디슨,"9,211만원",3973.2억원
240,한국중부발전,"8,628만원",5.3조원
241,동보,회사없음,회사없음
242,일진전기,회사없음,회사없음
243,태광실업,"6,683만원",2.4조원
244,패션그룹형지,"4,962만원",2047.1억원
245,에스에프에이반도체,"5,453만원",6043.2억원
246,에스케이엔펄스,회사없음,회사없음
247,케이지모빌리티 ,회사없음,회사없음
248,대현에스티,"5,156만원",1469.2억원
249,매그나칩반도체,"6,032만원",5420.3억원
250,한국동서발전,"8,519만원",4.7조원
251,이화다이아몬드공업,"5,824만원",3360.4억원
252,한국지역난방공사,"7,641만원",2.5조원
253,좋은사람들,회사없음,회사없음
254,명화공업,회사없음,회사없음
255,현대종합금속,"5,730만원",5228.6억원
256,신영와코루,"4,612만원",1890억원
257,효성티앤에스,"6,032만원",7328.5억원
258,한국엔에스케이,회사없음,회사없음
259,쁘띠엘린,"3,761만원",501.6억원
260,에스엘바이오텍,"3,245만원",1197.6억원
261,노브랜드,"5,151만원",4683.2억원
262,인터로조,"4,451만원",1163.6억원
263,에이스테크놀로지,"5,518만원",1383.6억원
264,톱텍,"6,008만원",1401.4억원
265,에이치디현대오일뱅크,회사없음,회사없음
266,한국알박,"6,032만원",3206.6억원
267,파킹클라우드,"4,346만원",675.4억원
268,엘아이에스,"10,007만원",505.5억원
269,네슬레코리아 네스프레소,회사없음,회사없음
270,한국서부발전,"8,489만원",5조원
271,성동조선해양,"4,817만원",60.6억원
272,이브자리,"3,082만원",620.3억원
273,태양금속공업,"6,408만원",2976.7억원
274,팬코,회사없음,회사없음
275,솔라엣지테크놀로지스코리아,"5,852만원",13.2억원
276,한솔아이원스,회사없음,회사없음
277,동아오츠카,"6,032만원",2938.6억원
278,아미코스메틱,"4,563만원",198.4억원
279,동양이엔피,"5,945만원",4849.9억원
280,농업회사법인포프리,"2,869만원",352.7억원
281,코미코,"2,845만원",35.2억원
282,위비스,"5,215만원",1226.9억원
283,신흥정밀,"1,979만원",73.1억원
284,원텍,회사없음,회사없음
285,피죤,"4,961만원",1070.9억원
286,모다이노칩,"4,051만원",1429.7억원
287,비테스코테크놀로지스코리아유한책임회사,"6,032만원",6790.6억원
288,깨끗한나라,"7,138만원",5766.9억원
289,인동에프엔,"5,247만원",2039.1억원
290,쏘테크,"4,952만원",313.1억원
291,부전전자,"5,153만원",741억원
292,덴소코리아,회사없음,회사없음
293,연우,"3,959만원",19.1억원
294,대한솔루션,회사없음,회사없음
295,에스아이플렉스,"6,013만원",3829.2억원
296,계양전기,"6,902만원",3762.6억원
297,선진,"5,857만원",1.2조원
298,케이맥,"3,876만원",625.1억원
299,니프코코리아,"6,032만원",3578.4억원
300,엠에스씨,회사없음,회사없음
301,나래나노텍,"5,471만원",1351.1억원
302,노루페인트,"7,573만원",6469.5억원
303,한화솔루션,회사없음,회사없음
304,디에스단석,회사없음,회사없음
305,아이아이컴바인드,"4,192만원",2479.6억원
306,한국알프스,"6,015만원",8692.3억원
307,아스트,회사없음,회사없음
308,엘엠에스,회사없음,회사없음
309,에이피시스템,회사없음,회사없음
310,켐트로닉스,"6,368만원",3866.3억원
311,태광후지킨,"5,752만원",5273.8억원
312,대한전선,"6,368만원",1.9조원
313,에이치엘클레무브,"6,082만원",5473.1억원
314,일동후디스,"4,166만원",2260.7억원
315,참엔지니어링,"7,101만원",902.8억원
316,동희산업,"6,032만원",5716.2억원
317,솔리티,"4,871만원",908.1억원
318,유도,"6,032만원",1390.1억원
319,오텍캐리어,"5,775만원",6323.7억원
320,미래컴퍼니,회사없음,회사없음
321,롯데네슬레코리아,"4,589만원",1616.7억원
322,대한산업안전협회,"6,032만원",1357.9억원
323,진합,"4,898만원",2469.5억원
324,모트렉스,"7,342만원",2897.7억원
325,아이디스,"4,306만원",52.3억원
326,엘엑스세미콘,"6,082만원",1.9조원
327,유니크,"5,720만원",2459.3억원
328,코리아나화장품,"4,784만원",1045억원
329,져스텍,"5,260만원",293.7억원
330,에스에너지,"4,067만원",1741.8억원
331,노벨리스코리아,"6,032만원",2.2조원
332,시몬스,"4,583만원",3053.7억원
333,포스코퓨처엠,회사없음,회사없음
334,해성디에스,"8,988만원",6553.7억원
335,아우딘퓨쳐스,"3,881만원",444.5억원
336,한솔테크닉스,"5,741만원",6156.5억원
337,듀폰코리아,"5,932만원",3032.8억원
338,피에스케이,"8,080만원",4229.2억원
339,에이테크솔루션,"4,153만원",19.6억원
340,삼우코리아,"4,156만원",358.9억원
341,로보스타,"5,430만원",1390.1억원
342,화신,"7,374만원",7249.7억원
343,우진산전,"4,164만원",18.5억원
344,코텍,"1,663만원",8.9억원
345,캐논쎄미콘덕터엔지니어링코리아,"6,032만원",1240.4억원
346,성주디앤디,"5,243만원",3347억원
347,에넥스,"4,896만원",2003.2억원
348,웅진에너지,"3,579만원",886.7억원
349,현대미포조선,"8,611만원",2.9조원
350,대동공업,"6,637만원",6204.5억원
351,한국바스프,"6,082만원",2.7조원
352,지오다노,"3,618만원",1820.4억원
353,카펙발레오,"6,032만원",5456.4억원
354,시선인터내셔널,"2,012만원",16만원
355,씨티알,"2,673만원",4억원
356,비에이치아이,"5,830만원",2334.6억원
357,쿠첸,"4,658만원",1633.4억원
358,그레닉스,"2,589만원",279.6억원
359,아이에스시,"4,534만원",1494억원
360,현대케피코,"10,577만원",2조원
361,한국미쓰비시엘리베이터,"5,918만원",2057.2억원
362,라벨영,"3,819만원",205.6억원
363,휴니드테크놀러지스,"6,496만원",1946.7억원
364,제이브이엠,"5,467만원",995.6억원
365,사조대림,"5,640만원",1.2조원
366,광전자,"4,037만원",1607.5억원
367,린나이코리아,"6,032만원",3146.2억원
368,하이즈항공,"3,264만원",200.5억원
369,팔도,회사없음,회사없음
370,강림중공업,"5,151만원",1437.1억원
371,스테코,"2,975만원",25.6억원
372,아이티엠반도체,"4,877만원",4885.3억원
373,한국씰마스타,"5,353만원",763.4억원
374,아진산업,"4,874만원",239.9억원
375,청오디피케이,"3,112만원",2234.5억원
376,실크로드시앤티,"5,243만원",1335.6억원
377,참존,"3,680만원",831억원
378,평화발레오,"6,032만원",7189.5억원
379,유한킴벌리,"6,082만원",1.3조원
380,대현,"4,221만원",136.2억원
381,와이솔,"5,192만원",1891.1억원
382,고려아연,"9,500만원",7.2조원
383,에스케이스페셜티,회사없음,회사없음
384,한국야금,회사없음,회사없음
385,선앤엘,"5,801만원",3183.9억원
386,에스디생명공학,"5,028만원",783.8억원
387,에프에스티,"4,919만원",2090.8억원
388,동화기업,"4,768만원",167.1억원
389,루멘스,"5,567만원",1297.6억원
390,다스,"6,082만원",7680억원
391,엘오티베큠,"5,468만원",2461.7억원
392,동원시스템즈,회사없음1,회사없음1
393,대유위니아,"7,401만원",4.9억원
394,인터엠,회사없음,회사없음
395,강남제비스코,"6,148만원",2968.4억원
396,롯데알미늄,"6,032만원",7696.2억원
397,경인양행,"4,162만원",54.9억원
398,아바코,"6,143만원",2251.4억원
399,보쉬전장,"6,032만원",2803억원
400,일진디스플레이,회사없음,회사없음
401,한국존슨앤드존슨,"5,677만원",1168.6억원
402,지이헬스케어코리아,"6,032만원",2417.1억원
403,한솔제지,"8,535만원",1.6조원
404,루트로닉,"6,269만원",1368.6억원
405,케이이씨,"5,412만원",1193.2억원
406,뷰웍스,"6,435만원",1827.2억원
407,크루셜텍,"7,081만원",410.9억원
408,불스원,"6,457만원",1263.8억원
409,티비에이치글로벌,"5,414만원",1880.8억원
410,미래나노텍,"6,904만원",3164.5억원
411,노바렉스,"4,233만원",2783.3억원
412,이래오토모티브시스템,"5,621만원",4억원
413,리한,회사없음,회사없음
414,BYC,"3,732만원",1632.9억원
415,비알코리아,회사없음,회사없음
416,코렌스,"4,903만원",3444.3억원
417,유비쿼스홀딩스,"6,003만원",63.8억원
418,한국하니웰,"6,032만원",2737.2억원
419,세진중공업,"3,898만원",2216.6억원
420,대구텍,회사없음,회사없음
421,평화정공,"6,631만원",6267.1억원
422,한전원자력연료,"6,070만원",3237.3억원
423,인팩,회사없음,회사없음
424,크레신,"5,983만원",2403.7억원
425,그린광학,"4,719만원",323.1억원
426,동서기공,"1,997만원",31.7억원
427,쌍방울,"4,093만원",919.6억원
428,이노와이어리스,"6,094만원",611.8억원
429,피닉스다트,"3,939만원",171.7억원
430,에쓰푸드,"2,881만원",1.4억원
431,현대삼호중공업,"8,445만원",4.1조원
432,정식품,"3,212만원",95.7억원
433,하이비젼시스템,"7,702만원",2545.9억원
434,지에스칼텍스,"15,332만원",32.5조원
435,아이올리,"4,313만원",1414.5억원
436,에쓰오일,"17,323만원",24.4조원
437,한국몰렉스,"6,032만원",3374.1억원
438,현대에버다임,"5,370만원",2647.1억원
439,현진스포텍,"6,032만원",2334.9억원
440,이미인,"3,828만원",605.5억원
441,세원이앤씨,회사없음,회사없음
442,인디에프,"5,612만원",1483.8억원
443,뉴파워프라즈마,"7,209만원",937.8억원
444,휴비스,회사없음,회사없음
445,파크랜드,"3,852만원",1564.4억원
446,심텍홀딩스,"9,019만원",40.2억원
447,로체시스템즈,"6,678만원",1100.5억원
448,인탑스,"4,145만원",4154.9억원
449,안다르,"4,039만원",1144.2억원
450,금호에이치티,"4,739만원",1973.1억원
451,삼성다이나에이치백,회사없음,회사없음
452,제이엔지코리아,회사없음,회사없음
453,코스알엑스,"4,837만원",1233.5억원
454,이라이콤,"5,686만원",1510.9억원
455,한화토탈에너지스,"6,082만원",9.8조원
456,다다씨앤씨,"5,723만원",167.8억원
457,로얄앤컴퍼니,"4,295만원",460.7억원
458,티디케이한국,"5,590만원",1284.6억원
459,비비안,"4,486만원",1698.3억원
460,볼보그룹코리아 건설기계부문,회사없음,회사없음
461,에스피반도체통신,"3,510만원",527.2억원
462,웰크론,"4,651만원",1100.8억원
463,진주햄,"4,781만원",1109.8억원
464,삼화양행,"4,209만원",1189.7억원
465,원익머트리얼즈,"7,219만원",2994.6억원
466,파인디지털,"5,068만원",851.2억원
467,금호석유화학,"14,012만원",5.5조원
468,남양인터내셔날,"4,891만원",2142.4억원
469,동원산업,"3,728만원",433억원
470,린컴퍼니,"4,479만원",514.7억원
471,희성전자,"6,032만원",1486.3억원
472,동광인터내셔날,"4,465만원",1305.5억원
473,케이브랜즈,"1,994만원",1299.4억원
474,큐엠씨,"4,702만원",105.2억원
475,대구경북첨단의료산업진흥재단,회사없음,회사없음
476,코스온,"8,030만원",874.3억원
477,파나시아,회사없음,회사없음
478,평화오일씰공업,"5,377만원",2789.4억원
479,삼송,회사없음,회사없음
480,메가젠임플란트,"4,796만원",1654.4억원
481,대덕지디에스,"5,442만원",4566.1억원
482,코튼클럽,"4,365만원",595.5억원
483,인텍전기전자,"4,769만원",1090.2억원
484,덴티스,"3,455만원",522.4억원
485,쎄크,"4,718만원",297.1억원
486,그린코스,"4,104만원",11.6억원
487,미원상사,"5,608만원",3446.6억원
488,신화인터텍,"4,713만원",2178.4억원
489,현담산업,"5,612만원",2620.2억원
490,본느,"2,083만원",202.2억원
491,제이오텍,"4,102만원",518.7억원
492,크리스에프앤씨,"4,490만원",3759.4억원
493,아이쓰리시스템,"4,668만원",797.2억원
494,유진기업,회사없음,회사없음
495,씨앤씨인터내셔널,"3,675만원",836.6억원
496,신양금속공업,"5,308만원",2146.2억원
497,유엘코리아,"5,688만원",275.1억원
498,티씨케이,"7,620만원",2707.7억원
499,하나머티리얼즈,"7,428만원",2711억원
500,잉크테크,"4,364만원",529.7억원
501,풀무원,"5,763만원",1165억원
502,코리아에프티,"5,323만원",2622.7억원
503,한화케미칼,회사없음,회사없음
504,아로마티카,"4,996만원",262.7억원
505,지아이티,"4,030만원",33.5억원
506,뱅뱅어패럴,"4,102만원",718.1억원
507,유텔,"4,823만원",494.8억원
508,대원강업,"8,556만원",6192.4억원
509,오토리브,"5,927만원",4170.7억원
510,윈저글로벌,회사없음,회사없음
511,두산테스나,회사없음,회사없음
512,서울우유협동조합,"6,082만원",1.8조원
513,영풍,회사없음,회사없음
514,디엠에스,"2,972만원",626.9억원
515,삼기,회사없음,회사없음
516,이씨스,"3,083만원",1261.1억원
517,신성델타테크,"6,115만원",1591.2억원
518,신한다이아몬드공업,"4,676만원",1496.7억원
519,일진제강,"5,808만원",2873.4억원
520,에이스브이,"4,552만원",102.3억원
521,램리서치코리아,"6,032만원",9971.6억원
522,알피니언메디칼시스템,"5,122만원",569.2억원
523,티유브이라인란드코리아,"5,924만원",418.5억원
524,더스킨팩토리,"4,092만원",805.8억원
525,대림비앤코,회사없음,회사없음
526,대우전자부품,"5,648만원",991.8억원
527,무림페이퍼,회사없음,회사없음
528,서울바이오시스,"5,062만원",2570.6억원
529,위닉스,"2,207만원",179.9억원
530,영실업,회사없음,회사없음
531,파주전기초자,"5,884만원",4662.7억원
532,포스코에너지,"10,659만원",1.9조원
533,한서실업,"4,462만원",925.4억원
534,현대오트론,"7,680만원",539.4억원
535,경농,회사없음,회사없음
536,제이앤티씨,"4,435만원",1013.5억원
537,말레동현필터시스템,"5,778만원",2071.6억원
538,한국옵티칼하이테크,"5,827만원",2181.2억원
539,디이엔티,"3,980만원",420.4억
540,윈팩,"4,593만원",1014.4억원
541,넥스콘테크놀러지,"3,352만원",27.3억원
542,젯아이씨,"4,592만원",665.9억원
543,대승,"4,012만원",59.2억원
544,심팩,"3,552만원",31.2억원
545,고려제강,"6,124만원",4968.1억원
546,듀링,"4,728만원",956.1억원
547,에스티엑스엔진,"6,853만원",4582.8억원
548,에이스침대,"4,617만원",3454.2억원
549,유니레버코리아,"5,915만원",912.5억원
550,한영넉스,"3,827만원",625.5억원
551,더네이쳐홀딩스,"3,772만원",3690.5억원
552,풀무원녹즙,"6,032만원",781억원
553,화승코퍼레이션,"5,521만원",777.3억원
554,에스지씨솔루션,"4,903만원",2470.6억원
555,조광페인트,"5,789만원",2332.4억원
556,지에스엔텍,회사없음,회사없음
557,에스티아이,"6,491만원",2675.7억원
558,티피씨메카트로닉스,"4,496만원",792.6억원
559,일진다이아몬드,"4,750만원",616.1억원
560,엔피씨,"7,270만원",3785.1억원
561,전기초자코리아,"5,852만원",2549.9억원
562,상아프론테크,"5,128만원",1327.3억원
563,시너스텍,"5,509만원",2356억원
564,지엔코,"4,247만원",902.9억원
565,서울화장품,"4,019만원",925.7억원
566,싸이노스,"4,923만원",858.7억원
567,예림임업,"4,195만원",1293.9억원
568,제닉,회사없음,회사없음
569,에이원엔지니어링코리아,"5,197만원",518.4억원
570,티센크루프엘리베이터코리아,"5,495만원",6995.1억원
571,솔루엠,"3,288만원",6215.1억원
572,아이엠아이크리티컬엔지니어링코리아,"5,738만원",925.4억원
573,한국요꼬가와전기,"6,032만원",1697.2억원
574,한국호야전자,"5,858만원",1144.4억원
575,디티알,"2,681만원",3081.8억원
576,제이씨코리아,"4,397만원",547.4억원
577,글로텍엔지니어링,"5,144만원",436.7억원
578,대원산업,"5,019만원",454.2억원
579,동성화인텍,"6,061만원",3638.8억원
580,오뚜기라면,"2,842만원",6376.4억원
581,일레븐코퍼레이션,"3,974만원",236.4억원
582,광명산업,"5,544만원",26억원
583,제네랄일렉트릭인터내셔날인코포레이티드,"3,973만원",1377.7억원
584,태성환경연구소,"3,225만원",91.1억원
585,효성굿스프링스,"5,932만원",2089.8억원
586,오에이티씨,"3,942만원",127.8억원
587,이즈미디어,"10,479만원",472.2억원
588,패커드코리아,"6,032만원",2201.5억원
589,코스맥스바이오,"4,581만원",1622.9억원
590,케이에이치바텍,"7,348만원",282.9억원
591,에이엠텔레콤,"5,658만원",663.9억원
592,우인인더스트리즈,"4,978만원",1338.7억원
593,케이투코리아,"6,032만원",4022억원
594,테크로스,"2,765만원",1820.4억원
595,한성기업,회사없음,회사없음
596,에몬스가구,"4,709만원",1398.7억원
597,천호엔케어,"3,991만원",427억원
598,두원공조,"6,032만원",8841.1억원
599,삼부정밀화학,"5,247만원",1396.7억원
600,서진캠,"7,094만원",3180.9억원
601,아사아블로이코리아아이레보,회사없음,회사없음
602,케이지동부제철,회사없음,회사없음
603,현대파워텍,"5,638만원",2.9조원
604,평화산업,회사없음,회사없음
605,한국브렌슨,"5,653만원",328.7억원
606,독립문,"5,576만원",1139.1억원
607,동일라코스테,회사없음,회사없음
608,씨엔에프,수집 중..,703만원
609,미르기술,"5,036만원",365.9억원
610,엔케이,"3,440만원",129억원
611,태림포장,"6,013만원",6583.1억원
612,한국훼스토,"6,032만원",1086.1억원
613,해브앤비,"4,917만원",6072.3억원
614,옵트론텍,"5,194만원",1107.5억원
615,남양넥스모,"6,032만원",3515.4억원
616,양지사,"4,105만원",55.9억원
617,일화,회사없음,회사없음
618,삼보모터스,"7,407만원",3041.3억원
619,에스에스엘엠,"5,304만원",1700.5억원
620,영풍정밀,회사없음,회사없음
621,현대아이에이치엘,"6,032만원",4340.3억원
622,삼전순약공업,"4,265만원",944억원
623,새솔다이아몬드공업,"5,289만원",1238.7억원
624,아미코젠,"4,695만원",317.7억원
625,엘에스엠앤엠,회사없음,회사없음
626,두올,"4,359만원",2262.9억원
627,삼광,회사없음,회사없음
628,상보,"5,754만원",727.7억원
629,씨엠에이글로벌,"3,098만원",298.7억원
630,아이디룩,"5,325만원",2146.4억원
631,볼빅,"4,110만원",473.4억원
632,삼익티에이치케이,"5,737만원",3104.8억원
633,에스엔유프리시젼,"5,345만원",1137억원
634,와이엠티,"3,661만원",4.9억원
635,이엘케이,회사없음,회사없음
636,인텔리안테크놀로지스,"5,811만원",1231.1억원
637,케이엠,"2,313만원",37.6억원
638,신도산업,회사없음,회사없음
639,엘이디라이텍,"4,328만원",903.4억원
640,고운세상코스메틱,"5,286만원",1731.3억원
641,드림텍,회사없음,회사없음
642,디에이치오토웨어,회사없음,회사없음
643,베네통코리아,"4,909만원",1360.7억원
644,브이티코스메틱,"1,930만원",6913만원
645,이펙스,"4,549만원",1120.2억원
646,한국인삼공사,"6,082만원",1.3조원
647,영원아웃도어,"6,032만원",5444.8억원
648,윌로펌프,"6,032만원",2084억원
649,디젠,"4,254만원",107.4억원
650,원봉,"4,157만원",1361억원
651,창성,"4,323만원",21.2억원
652,태웅,회사없음,회사없음
653,조광아이엘아이,"4,274만원",314.6억원
654,화천기계,"7,025만원",1759.1억원
655,미팩토리,"4,172만원",268.5억원
656,비케이브,"3,865만원",1595.2억원
657,일진베어링,"6,032만원",2693.2억원
658,최신물산,"5,090만원",1713.7억원
659,블리스팩,"4,318만원",136.7억원
660,슈페리어,"4,661만원",679.8억원
661,에프앤코,회사없음,회사없음
662,테크엘,"4,207만원",419.8억원
663,모토닉,"5,983만원",1960.8억원
664,인켈,"4,140만원",1387.4억원
665,재영솔루텍,"5,202만원",952.1억원
666,태화기업,회사없음,회사없음
667,파카코리아,"5,668만원",2194.6억원
668,시드물,"3,269만원",419.9억원
669,이랜텍,"2,447만원",2773.2억원
670,코다코,"5,873만원",2063.1억원
671,경동원,회사없음,회사없음
672,농업회사법인조인,회사없음,회사없음
673,대동도어,"6,032만원",2509.8억원
674,비츠로시스,"3,138만원",295.1억원
675,삼표,"2,967만원",2456.3억원
676,큐메이트,회사없음,회사없음
677,한솔케미칼,회사없음,회사없음
678,씨제이포디플렉스,"5,428만원",373.4억원
679,케이디파워,"4,149만원",444.8억원
680,파워로직스,"4,838만원",7665.3억원
681,한일전기,회사없음,회사없음
682,텔레칩스,"7,677만원",1364.2억원
683,블랙야크,"4,302만원",3348.2억원
684,삼목에스폼,"5,623만원",2049.1억원
685,유니온커뮤니티,"5,412만원",390.2억원
686,크나우프석고보드,"6,032만원",2310.5억원
687,효성전기,회사없음,회사없음
688,스맥,"5,019만원",1265.7억원
689,오알켐,"5,231만원",641.6억원
690,유진로봇,"5,920만원",276.5억원
691,센서텍,"4,634만원",440.7억원
692,아트라스비엑스,"6,944만원",6.3억원
693,엘시시,"3,436만원",18.8억원
694,우주일렉트로닉스,"5,738만원",2012.5억원
695,SNT모티브,"6,032만원",8995.4억원
696,유니트아이엔씨,"5,071만원",1521억원
697,케이엘에이텐코코리아,"6,032만원",2030.3억원
698,나무가,"8,377만원",3493.4억원
699,메디아나,"4,302만원",565.8억원
700,바이와이제이,"4,144만원",404.1억원
701,선익시스템,"6,260만원",449.3억원
702,싸이맥스,"5,964만원",2235.3억원
703,사조해표,"4,617만원",6256.6억원
704,삼성공조,"4,914만원",694.5억원
705,유아이엘,"5,015만원",496.5억원
706,인테그리스코리아,"5,677만원",2276.3억원
707,프라코,"5,039만원",104.4억원
708,다이나믹디자인,회사없음,회사없음
709,멈스,회사없음,회사없음
710,경창산업,"6,174만원",4945.1억원
711,에스엠알오토모티브모듈코리아,"6,032만원",2843.2억원
712,엘티소재,"5,976만원",2448.4억원
713,뉴옵틱스,"5,477만원",3308.8억원
714,에이팩트,"2,325만원",472.2억원
715,세양물산,"3,528만원",78.9억원
716,소셜빈,회사없음,회사없음
717,신티에스,"5,050만원",1263.6억원
718,롯데에너지머티리얼즈,회사없음,회사없음
719,멜파스,"6,319만원",240억원
720,디에이테크놀로지,"4,516만원",8.4억원
721,삼화,"3,958만원",12.8억원
722,에이치앤이루자,"5,890만원",1714.2억원
723,와이즈산전,"3,979만원",410.3억원
724,인피니언테크놀로지스파워세미텍,"5,469만원",818.7억원
725,조이슨세이프티시스템스코리아,"5,713만원",1504.8억원
726,디아이씨,회사없음,회사없음
727,대한제당,회사없음,회사없음
728,후지테크코리아,"5,166만원",472.3억원
729,체리부로,"4,791만원",3660억원
730,카오리온코스메틱스,"2,734만원",75억원
731,큐아이엠,"4,165만원",114.4억원
732,애경화학,"2,953만원",1956.3억원
733,에이스그룹,회사없음,회사없음
734,코오롱글로텍,"6,647만원",5735.1억원
735,한국전기연구원,"9,474만원",1736.4억원
736,삼익악기,"6,420만원",1515.5억원
737,오이솔루션,"4,200만원",986.8억원
738,피제이전자,"3,650만원",1199억원
739,한국화이바,"5,241만원",1926억원
740,대한제강,"10,596만원",1.1조원
741,정우비나,"5,153만원",999억원
742,화인폰,"3,605만원",73.1억원
743,스와니코코,"4,723만원",79.8억원
744,에스제이듀코,"4,539만원",1222.8억원
745,제이시스메디칼,"4,510만원",465억원
746,제이티,"2,205만원",4.5억원
747,니덱모빌리티코리아,"5,888만원",1550억원
748,에스피피조선,회사없음,회사없음
749,인텍플러스,"6,131만원",1196.6억원
750,케이피엑스케미칼,회사없음,회사없음
751,코코도르,"3,575만원",424.5억원
752,파크시스템스,"5,429만원",763억원
753,슈프리마에이치큐,"6,121만원",164억원
754,에뛰드,"6,032만원",1799.6억원
755,테이팩스,"6,239만원",1521.8억원
756,고려은단,"4,678만원",686.3억원
757,대선주조,"4,227만원",610.6억원
758,스무디킹홀딩스,"3,629만원",11만원
759,에이치케이,"5,683만원",601.4억원
760,현대엘앤씨,"5,624만원",8459억원
761,엔브이에이치코리아,"6,644만원",4232.5억원
762,대구특수금속,"3,062만원",185.4억원
763,일지테크,"5,337만원",1723.8억원
764,대봉엘에스,"4,180만원",651.4억원
765,디아이지에어가스,회사없음,회사없음
766,삼성발레오써멀시스템스,"4,362만원",789.8억원
767,코웰전자,"5,852만원",232.8억원
768,하이윈코퍼레이션,"4,184만원",205.5억원
769,국순당,"4,839만원",617.4억원
770,덕신하우징,"5,923만원",1491.2억원
771,갑을오토텍,"5,433만원",1.7억원
772,성화물산,"4,888만원",492.3억원
773,엘앤피코스메틱,"5,172만원",1863.1억원
774,디엔솔루션즈,회사없음,회사없음
775,엔프라니,"4,592만원",770.9억원
776,이노바이오써지,"4,331만원",214.5억원
777,케이씨이노베이션,"5,166만원",762.2억원
778,나노스,회사없음,회사없음
779,서원인텍,"4,132만원",1297.9억원
780,애경케미칼,"6,032만원",1.1조원
781,에스케이씨,회사없음,회사없음
782,오텍캐리어냉장,"4,827만원",2741.8억원
783,알토,회사없음,회사없음
784,엔유씨전자,"4,421만원",410.6억원
785,인그리디언코리아,"6,032만원",3729억원
786,한국방송통신전파진흥원,"6,360만원",933.3억원
787,마팔하이테코,"5,174만원",660.1억원
788,수산중공업,"4,573만원",1035.9억원
789,유니베라,"4,594만원",520.2억원
790,레드페이스,"3,056만원",877.3억원
791,우신공업,"6,032만원",1307.8억원
792,태성전장,"4,559만원",1815.7억원
793,태웅메디칼,"4,449만원",640억원
794,제노레이,"4,978만원",706.2억원
795,케이티이,회사없음,회사없음
796,휴비츠,"6,846만원",828.7억원
797,라이온코리아,"6,032만원",1623.2억원
798,신흥에스이씨,회사없음,회사없음
799,아바텍,회사없음,회사없음
800,하이록코리아,"6,195만원",1394.8억원
801,레이크머티리얼즈,"2,324만원",347.4억원
802,브이엘엔코,"3,904만원",1213.2억원
803,농업회사법인아시아종묘,"3,342만원",241.4억원
804,대한유화,"10,106만원",2.1조원
805,생고뱅코리아,"6,032만원",627.1억원
806,유도썬스,"2,632만원",820.6억원
807,포인트닉스,"3,551만원",379.4억원
808,한국다우케미칼,"6,032만원",4793.6억원
809,우성,"4,406만원",26.3억원
810,금호전기,회사없음,회사없음
811,네파,"5,429만원",3087.8억원
812,다산네트웍스,"5,241만원",321.2억원
813,마니커,"3,930만원",2533.4억원
814,세아베스틸,"9,165만원",1.8조원
815,비에스이,"5,304만원",355.5억원
816,켐토피아,"4,429만원",215.1억원
817,휴롬,"4,466만원",780.4억원
818,금강공업,회사없음,회사없음
819,기가레인,"6,220만원",689.7억원
820,동아화성,회사없음,회사없음
821,신한벽지,"5,024만원",845.1억원
822,한경희생활과학,"2,219만원",168.5억원
823,녹수,"4,951만원",2825.1억원
824,동화엔텍,"6,032만원",1288.5억원
825,에이빌코리아,"3,933만원",73.7억원
826,원익홀딩스,"6,430만원",3114.8억원
827,유진테크,"3,670만원",10.4억원
828,인지디스플레이,"5,520만원",2585.7억원
829,글로텍,"4,336만원",71.8억원
830,에이치디씨현대이피,회사없음,회사없음
831,이수엑사보드,"5,852만원",1426.5억원
832,희성촉매,"6,032만원",3.3조원
833,광천김,"3,329만원",1102.1억원
834,네오플램,"4,318만원",1118억원
835,이수페타시스,"8,662만원",3635억원
836,케이엔알시스템,"4,589만원",263.1억원
837,대한광통신,"5,609만원",1199.4억원
838,두원중공업,"7,151만원",3401.8억원
839,지엠비코리아,"7,649만원",4758.2억원
840,한국요꼬가와일렉트로닉스매뉴팩처링,"3,470만원",410억원
841,시스템알앤디,"4,948만원",1181.5억원
842,한중엔시에스,"4,038만원",893억원
843,광림통상,"5,408만원",2407.2억원
844,대원정밀공업,"6,032만원",2516.4억원
845,연합정밀,"4,878만원",924.3억원
846,오제이씨,회사없음,회사없음
847,넥센,"5,567만원",5074.2억원
848,듀오백,"6,101만원",382.8억원
849,서진오토모티브,"6,716만원",1451.7억원
850,진양오일씰,"4,777만원",869.3억원
851,와이엠씨,"4,267만원",5.6억원
852,칸,회사없음,회사없음
853,대현환경,"4,689만원",198.4억원
854,리큅,"3,903만원",165.1억원
855,에프알텍,"5,388만원",215.7억원
856,포인트엔지니어링,"5,532만원",422억원
857,두산전자,회사없음1,회사없음1
858,무림피앤피,"8,334만원",5684.8억원
859,종근당건강,"6,032만원",5954.2억원
860,한국에스엠티,"3,880만원",678.4억원
861,모토텍,"4,420만원",307.8억원
862,벽산,"2,852만원",3.3억원
863,사임당화장품,"3,568만원",160.2억원
864,리테일미디어솔루션,"4,441만원",308억원
865,비타민하우스,"4,474만원",402.8억원
866,새론오토모티브,"6,377만원",1211억원
867,화성코스메틱,"4,285만원",521.3억원
868,디알젬,"4,340만원",858.1억원
869,머큐리코퍼레이션,"3,857만원",227.7억원
870,비엘헬스케어,"2,921만원",534.1억원
871,엘앤케이바이오메드,"4,645만원",87.2억원
872,티케이케미칼,"6,976만원",6735.9억원
873,뉴프렉스,"3,331만원",1801.2억원
874,한진화학,"4,727만원",428.6억원
875,삐아,"4,234만원",회사없음1
876,엠에스오토텍,"6,830만원",1806.8억원
877,팜스코,"6,853만원",1.3조원
878,동원금속,"5,933만원",2063.4억원
879,동인기연,"5,023만원",1666.2억원
880,솔라루체,"3,663만원",257.9억원
881,아반스트레이트코리아,"3,490만원",120.5억원
882,유씨엘,"4,709만원",22.3억원
883,한국경남태양유전,"6,032만원",2797.1억원
884,모닝글로리,"3,835만원",514.3억원
885,에스티지24,회사없음,회사없음
886,트렉스타,"3,404만원",651.6억원
887,대흥알앤티,"5,435만원",3128.1억원
888,신한중공업,"2,702만원",2357.9억원
889,에어프로덕츠코리아,"6,032만원",6067억원
890,한국제지,"6,032만원",5182억원
891,한미헬스케어,"2,966만원",1047.4억원
892,비츠로테크,"5,374만원",307.9억원
893,뉴모텍,"3,982만원",904억원
894,디케이락,회사없음,회사없음
895,서울검사,"4,109만원",404억원
896,로봇앤드디자인,"5,294만원",530.6억원
897,리팩,"5,087만원",487.5억원
898,내셔날오일웰바르코코리아,"5,832만원",606.9억원
899,에이테크오토모티브,"4,876만원",975.1억원
900,펌텍코리아,"3,481만원",1594.7억원
901,한신기계공업,"4,097만원",533.8억원
902,에이블루,"4,183만원",1359.3억원
903,영진,"5,876만원",401.9억원
904,우익반도체,"5,828만원",660.7억원
905,덕양산업,회사없음,회사없음
906,에이앤지테크놀로지,회사없음,회사없음
907,제일이엔에스,회사없음,회사없음
908,네오팜,"6,392만원",874.8억원
909,보끄레머천다이징,"4,584만원",544.9억원
910,선인,"2,336만원",13.5억원
911,한컴라이프케어,"5,203만원",1151.3억원
912,금호타이어용인중앙연구소,"6,951만원",2.1조원
913,다인정공,"5,203만원",776.5억원
914,두리화장품,"3,484만원",180.9억원
915,삼천리,"9,540만원",2.6조원
916,삼화전기,"4,036만원",6.8억원
917,선보공업,"5,280만원",744.9억원
918,이노진,"2,825만원",93.9억원
919,천일식품,"2,068만원",95.2억원
920,금영제너럴,"4,062만원",320.1억원
921,에어릭스,"5,496만원",900.8억원
922,영광와이케이엠씨,"4,337만원",303.3억원
923,태진인터내셔날,"2,588만원",814.7억원
924,갑진,"4,585만원",480.6억원
925,이오시스템,회사없음,회사없음
926,티유브이슈드코리아,"5,750만원",229.7억원
927,한국해양교통안전공단,"6,105만원",643.4억원
928,나노엔텍,"4,909만원",342.3억원
929,애니원,회사없음,회사없음
930,오디텍,"4,534만원",469억원
931,만앤휴멜코리아,"5,989만원",2142.7억원
932,아남전자,"5,988만원",3491.2억원
933,에이앤아이,회사없음,회사없음
934,에이치디현대글로벌서비스,회사없음,회사없음
935,넥솔론,회사없음,회사없음
936,넵스,회사없음,회사없음
937,세경하이테크,"5,318만원",1332.9억원
938,쎄믹스,"5,730만원",1780.9억원
939,코모스,회사없음,회사없음
940,나사렛국제병원,회사없음1,회사없음1
941,에이케이켐텍,"3,041만원",2765.5억원
942,인알파코리아,"5,652만원",2233억원
943,피플웍스,"4,903만원",2126억원
944,한국맥널티,회사없음,회사없음
945,환경관리,수집 중..,3.6억원
946,대성하이텍,"3,532만원",55.9억원
947,더페이스샵,"3,070만원",3146.4억원
948,비아트론,"5,912만원",783.5억원
949,티엠씨,"5,669만원",2418.2억원
950,동아전기부품,"5,172만원",785.4억원
951,린데코리아,"5,269만원",3.1억원
952,미원스페셜티케미칼,"6,430만원",5348억원
953,에이티아이,"5,358만원",349.7억원
954,엠케이에스코리아,"5,895만원",4261.3억원
955,이롬,회사없음,회사없음
956,현대비앤지스틸,"7,832만원",8549.5억원
957,미래보,"4,470만원",338.7억원
958,코스틸,회사없음,회사없음
959,광성기업,회사없음,회사없음
960,삼원색,"4,087만원",423.6억원
961,서보산업,"4,570만원",162.9억원
962,세종공업,"7,803만원",4035.3억원
963,씨케이코퍼레이션즈,회사없음,회사없음
964,에스텍,"5,259만원",4.5억원
965,웅진식품,"5,984만원",2417.1억원
966,유풍,"6,032만원",3265.3억원
967,조선내화,"8,722만원",4394.4억원
968,쿠도커뮤니케이션,"4,748만원",874.9억원
969,한국내화,"6,349만원",2180.3억원
970,한국석유공사,"8,570만원",3921.8억원
971,경신전선,"6,032만원",6473.1억원
972,범천정밀,"4,572만원",1560.1억원
973,일삼,"5,196만원",720.1억원
974,엘에스메카피온,"4,705만원",452.2억원
975,한국석유관리원,"6,356만원",434.6억원
976,드림텍,회사없음,회사없음
977,에이텍에이피,"4,886만원",1070.6억원
978,쌍용씨앤이,"6,082만원",1.1조원
979,엔티렉스,"3,804만원",485.1억원
980,코카콜라음료,"6,082만원",1.4조원
981,한국타코닉,"5,335만원",632.4억원
982,삼양발브종합메이커,"3,894만원",158.1억원
983,엑시콘,"5,706만원",661.9억원
984,코윈테크,"4,892만원",717.6억원
985,엠케이전자,"5,508만원",5486.4억원
986,참프레,"4,622만원",4835.3억원
987,파이퍼베큠코리아,회사없음,회사없음
988,하이트론씨스템즈,"3,771만원",274.8억원
989,놀부,"4,627만원",716.3억원
990,대두식품,"4,542만원",1007.3억원
991,케이엑스하이텍,회사없음,회사없음
992,케이티앤씨,"4,658만원",73.3억원
993,혼,"4,206만원",322억원
994,넥스트아이,"4,151만원",42.4억원
995,비전세미콘,"5,282만원",648.9억원
996,에스피지,"4,811만원",2195.6억원
997,유니슨이테크,"4,534만원",6425만원
998,율촌화학,회사없음1,회사없음1
999,피닉슨컨트롤스,"4,569만원",250.6억원
1000,테스,"1,973만원",5.4억원
1001,삼화제지,"5,594만원",860.8억원
1002,세아제강,"9,842만원",16.6억원
1003,케이에이치필룩스,회사없음,회사없음
1004,동서가구,"3,324만원",685.3억원
1005,비엔에이치,"4,955만원",1529.6억원
1006,아이리스코리아,회사없음,회사없음
1007,에센루,"3,611만원",437.4억원
1008,인화이엔지,"4,527만원",146억원
1009,코콤,"4,552만원",926.6억원
1010,브리티쉬아메리칸토바코코리아제조,"6,001만원",5828.1억원
1011,손오공,"3,698만원",720.1억원
1012,에코볼트,회사없음,회사없음
1013,중앙제어,"3,946만원",392.8억원
1014,코스맥스네오,회사없음,회사없음
1015,한국유리공업,"7,424만원",2.6억원
1016,CIMON,"4,464만원",376.8억원
1017,가온전선,"6,622만원",9060.2억원
1018,동국실업,회사없음1,회사없음1
1019,동양물산기업,"5,236만원",3630억원
1020,모나리자,"5,342만원",1064억원
1021,피피지코리아,"6,032만원",2248.6억원
1022,한국오바라,"4,975만원",570.7억원
1023,린텍스페셜러티필름코리아,"5,372만원",817.9억원
1024,에스케이에너지,"2,691만원",4.9억원
1025,에이치엔에스하이텍,"7,717만원",813.4억원
1026,코오롱플라스틱,"8,409만원",4052.3억원
1027,휴스틸,"6,073만원",5627.7억원
1028,데코뷰,"3,998만원",413억원
1029,리트코,"5,049만원",857.3억원
1030,알에프텍,회사없음1,회사없음1
1031,대한방직,"4,847만원",1930.4억원
1032,사조산업,"6,024만원",4024.3억원
1033,엔쓰리엔,"3,312만원",45.6억원
1034,코멕스산업,회사없음,회사없음
1035,태광,"3,212만원",45.5억원
1036,팸텍,회사없음,회사없음
1037,마플코퍼레이션,"3,945만원",113.9억원
1038,빅텍,회사없음,회사없음
1039,에스티오,회사없음,회사없음
1040,유니온,"4,606만원",138.6억원
1041,대곤코퍼레이션,"5,636만원",575.9억원
1042,신라정밀,"4,992만원",796.4억원
1043,쏠리드,"4,133만원",46억원
1044,에스케이마이크로웍스솔루션즈 주식회사,회사없음,회사없음
1045,하이게인안테나,"4,956만원",507.3억원
1046,에코프로,"6,929만원",173.6억원
1047,대주전자재료,"5,728만원",1525억원
1048,삼지전자,회사없음,회사없음
1049,에스케이오션플랜트,회사없음,회사없음
1050,코칩,"3,506만원",473.1억원
1051,헨켈홈케어코리아,"5,996만원",2206.6억원
1052,모팜,"4,289만원",703.9억원
1053,비츠로셀,"5,121만원",1116.6억원
1054,티엘비,"5,548만원",1781억원
1055,한국보그워너티에스,회사없음,회사없음
